year_month,product_category_name,price
2016-09,beleza_saude,134.97
2016-09,moveis_decoracao,72.89
2016-09,telefonia,59.5
2016-10,alimentos,79.9
2016-10,audio,156.99
2016-10,automotivo,1833.25
2016-10,bebes,1630.16
2016-10,beleza_saude,4552.51
2016-10,brinquedos,4465.09
2016-10,cama_mesa_banho,478.99
2016-10,climatizacao,1707.0900000000001
2016-10,consoles_games,3882.26
2016-10,cool_stuff,1111.0
2016-10,eletronicos,1306.99
2016-10,esporte_lazer,3333.64
2016-10,fashion_bolsas_e_acessorios,508.3
2016-10,fashion_calcados,29.99
2016-10,fashion_roupa_feminina,54.9
2016-10,fashion_roupa_masculina,24.9
2016-10,ferramentas_jardim,1359.88
2016-10,fraldas_higiene,134.9
2016-10,industria_comercio_e_negocios,359.6
2016-10,informatica_acessorios,1399.32
2016-10,livros_interesse_geral,119.5
2016-10,livros_tecnicos,267.0
2016-10,market_place,1306.19
2016-10,moveis_decoracao,5807.89
2016-10,moveis_escritorio,1300.88
2016-10,perfumaria,5688.7
2016-10,pet_shop,689.6800000000001
2016-10,relogios_presentes,3360.24
2016-10,telefonia,500.08
2016-10,telefonia_fixa,704.88
2016-10,unknown,65.89
2016-10,utilidades_domesticas,1287.0700000000002
2016-12,fashion_bolsas_e_acessorios,10.9
2017-01,agro_industria_e_comercio,65.97
2017-01,alimentos,42.82
2017-01,automotivo,5218.53
2017-01,bebes,6397.87
2017-01,beleza_saude,12561.32
2017-01,brinquedos,4814.09
2017-01,cama_mesa_banho,3960.1600000000003
2017-01,casa_conforto_2,72.8
2017-01,climatizacao,663.7
2017-01,consoles_games,5954.2
2017-01,construcao_ferramentas_construcao,310.0
2017-01,cool_stuff,7784.87
2017-01,dvds_blu_ray,29.8
2017-01,eletrodomesticos_2,2126.6800000000003
2017-01,eletronicos,617.0
2017-01,eletroportateis,1660.79
2017-01,esporte_lazer,9717.62
2017-01,fashion_bolsas_e_acessorios,1671.97
2017-01,fashion_calcados,34.9
2017-01,fashion_roupa_feminina,77.3
2017-01,fashion_roupa_masculina,126.9
2017-01,fashion_underwear_e_moda_praia,137.25
2017-01,ferramentas_jardim,8152.75
2017-01,informatica_acessorios,3924.1400000000003
2017-01,instrumentos_musicais,339.74
2017-01,livros_interesse_geral,234.89
2017-01,malas_acessorios,492.5
2017-01,market_place,447.03999999999996
2017-01,moveis_cozinha_area_de_servico_jantar_e_jardim,110.0
2017-01,moveis_decoracao,13521.31
2017-01,moveis_escritorio,1444.35
2017-01,moveis_quarto,73.2
2017-01,moveis_sala,1241.9
2017-01,musica,19.8
2017-01,papelaria,1561.99
2017-01,pcs,2199.99
2017-01,perfumaria,5112.599999999999
2017-01,pet_shop,967.12
2017-01,relogios_presentes,8086.52
2017-01,seguros_e_servicos,183.29
2017-01,telefonia,2945.86
2017-01,telefonia_fixa,677.12
2017-01,unknown,1702.6399999999999
2017-01,utilidades_domesticas,2827.58
2017-02,agro_industria_e_comercio,224.84
2017-02,alimentos,715.63
2017-02,audio,163.8
2017-02,automotivo,13162.4
2017-02,bebes,3048.48
2017-02,beleza_saude,22838.79
2017-02,brinquedos,9403.34
2017-02,cama_mesa_banho,16282.73
2017-02,casa_conforto,414.66
2017-02,casa_construcao,695.6
2017-02,cine_foto,59.0
2017-02,climatizacao,3095.3
2017-02,consoles_games,4294.7699999999995
2017-02,construcao_ferramentas_construcao,336.79
2017-02,construcao_ferramentas_jardim,579.98
2017-02,construcao_ferramentas_seguranca,379.0
2017-02,cool_stuff,13323.6
2017-02,dvds_blu_ray,14.9
2017-02,eletrodomesticos,740.9
2017-02,eletrodomesticos_2,15.99
2017-02,eletronicos,1218.85
2017-02,eletroportateis,7251.58
2017-02,esporte_lazer,16372.16
2017-02,fashion_bolsas_e_acessorios,2374.11
2017-02,fashion_calcados,107.05
2017-02,fashion_roupa_feminina,457.8
2017-02,fashion_roupa_masculina,642.85
2017-02,fashion_underwear_e_moda_praia,396.97
2017-02,ferramentas_jardim,13144.61
2017-02,industria_comercio_e_negocios,119.0
2017-02,informatica_acessorios,11972.59
2017-02,instrumentos_musicais,2221.28
2017-02,livros_importados,99.0
2017-02,livros_interesse_geral,772.71
2017-02,livros_tecnicos,159.0
2017-02,malas_acessorios,1694.18
2017-02,market_place,1688.22
2017-02,moveis_cozinha_area_de_servico_jantar_e_jardim,139.9
2017-02,moveis_decoracao,20986.1
2017-02,moveis_escritorio,11805.98
2017-02,moveis_quarto,450.0
2017-02,moveis_sala,3791.63
2017-02,papelaria,2341.4
2017-02,pcs,3549.0
2017-02,perfumaria,8127.179999999999
2017-02,pet_shop,3729.07
2017-02,relogios_presentes,11756.21
2017-02,tablets_impressao_imagem,792.0
2017-02,telefonia,6899.09
2017-02,telefonia_fixa,759.23
2017-02,unknown,9034.1
2017-02,utilidades_domesticas,12659.67
2017-03,agro_industria_e_comercio,81.99000000000001
2017-03,alimentos,2667.56
2017-03,alimentos_bebidas,110.8
2017-03,artes,223.25
2017-03,audio,1134.77
2017-03,automotivo,14482.07
2017-03,bebes,3724.08
2017-03,bebidas,463.87
2017-03,beleza_saude,25995.25
2017-03,brinquedos,12429.47
2017-03,cama_mesa_banho,25773.02
2017-03,casa_conforto,2123.4
2017-03,casa_conforto_2,342.88
2017-03,casa_construcao,591.96
2017-03,climatizacao,4103.81
2017-03,consoles_games,10768.84
2017-03,construcao_ferramentas_construcao,773.4
2017-03,construcao_ferramentas_seguranca,380.0
2017-03,cool_stuff,21095.21
2017-03,dvds_blu_ray,1873.7
2017-03,eletrodomesticos,313.3
2017-03,eletrodomesticos_2,500.9
2017-03,eletronicos,3986.0
2017-03,eletroportateis,11171.06
2017-03,esporte_lazer,27001.59
2017-03,fashion_bolsas_e_acessorios,4861.16
2017-03,fashion_calcados,1515.0
2017-03,fashion_esporte,39.9
2017-03,fashion_roupa_feminina,19.9
2017-03,fashion_roupa_masculina,580.8
2017-03,fashion_underwear_e_moda_praia,394.14
2017-03,ferramentas_jardim,23747.15
2017-03,industria_comercio_e_negocios,238.0
2017-03,informatica_acessorios,28624.6
2017-03,instrumentos_musicais,1667.33
2017-03,livros_interesse_geral,2648.96
2017-03,livros_tecnicos,75.0
2017-03,malas_acessorios,5924.01
2017-03,market_place,1808.59
2017-03,moveis_cozinha_area_de_servico_jantar_e_jardim,113.98
2017-03,moveis_decoracao,23477.63
2017-03,moveis_escritorio,11783.51
2017-03,moveis_sala,3324.0
2017-03,musica,27.99
2017-03,papelaria,5902.62
2017-03,perfumaria,19808.13
2017-03,pet_shop,8369.960000000001
2017-03,relogios_presentes,26770.38
2017-03,sinalizacao_e_seguranca,75.0
2017-03,tablets_impressao_imagem,495.0
2017-03,telefonia,8121.05
2017-03,telefonia_fixa,1592.3500000000001
2017-03,unknown,6714.17
2017-03,utilidades_domesticas,13511.81
2017-04,alimentos,491.3
2017-04,alimentos_bebidas,47.9
2017-04,artes,119.9
2017-04,artigos_de_natal,69.0
2017-04,audio,942.2
2017-04,automotivo,15548.17
2017-04,bebes,3980.4500000000003
2017-04,bebidas,199.93
2017-04,beleza_saude,22935.75
2017-04,brinquedos,13039.43
2017-04,cama_mesa_banho,24347.690000000002
2017-04,casa_conforto,2411.1
2017-04,casa_conforto_2,12.9
2017-04,casa_construcao,1602.69
2017-04,cine_foto,118.0
2017-04,climatizacao,2582.23
2017-04,consoles_games,3772.88
2017-04,construcao_ferramentas_ferramentas,729.0
2017-04,construcao_ferramentas_jardim,1490.21
2017-04,cool_stuff,21822.08
2017-04,dvds_blu_ray,1434.9
2017-04,eletrodomesticos,499.4
2017-04,eletrodomesticos_2,799.8
2017-04,eletronicos,4822.24
2017-04,eletroportateis,23253.98
2017-04,esporte_lazer,24864.33
2017-04,fashion_bolsas_e_acessorios,3219.8
2017-04,fashion_calcados,1526.5
2017-04,fashion_esporte,189.77999999999997
2017-04,fashion_roupa_feminina,64.9
2017-04,fashion_roupa_masculina,416.69
2017-04,fashion_underwear_e_moda_praia,98.78999999999999
2017-04,ferramentas_jardim,20809.28
2017-04,informatica_acessorios,20691.06
2017-04,instrumentos_musicais,3818.43
2017-04,la_cuisine,24.0
2017-04,livros_importados,19.99
2017-04,livros_interesse_geral,923.38
2017-04,livros_tecnicos,75.0
2017-04,malas_acessorios,7150.2
2017-04,market_place,4090.18
2017-04,moveis_colchao_e_estofado,109.4
2017-04,moveis_cozinha_area_de_servico_jantar_e_jardim,1033.4
2017-04,moveis_decoracao,21690.420000000002
2017-04,moveis_escritorio,9411.3
2017-04,moveis_quarto,858.96
2017-04,moveis_sala,2073.34
2017-04,musica,59.8
2017-04,papelaria,4606.34
2017-04,pc_gamer,259.98
2017-04,perfumaria,19891.11
2017-04,pet_shop,6182.89
2017-04,relogios_presentes,23487.78
2017-04,sinalizacao_e_seguranca,128.06
2017-04,tablets_impressao_imagem,1112.88
2017-04,telefonia,7245.87
2017-04,telefonia_fixa,2998.33
2017-04,unknown,8693.09
2017-04,utilidades_domesticas,15028.84
2017-05,agro_industria_e_comercio,1579.94
2017-05,alimentos,387.9
2017-05,alimentos_bebidas,416.28999999999996
2017-05,artes,6967.65
2017-05,artes_e_artesanato,21.99
2017-05,audio,2081.18
2017-05,automotivo,18640.03
2017-05,bebes,9849.51
2017-05,bebidas,90.0
2017-05,beleza_saude,46786.02
2017-05,brinquedos,22626.95
2017-05,cama_mesa_banho,33346.45
2017-05,casa_conforto,5293.87
2017-05,casa_construcao,1620.5
2017-05,cine_foto,59.0
2017-05,climatizacao,1016.77
2017-05,consoles_games,2507.2
2017-05,construcao_ferramentas_construcao,99.99
2017-05,construcao_ferramentas_ferramentas,803.9
2017-05,construcao_ferramentas_jardim,1577.24
2017-05,cool_stuff,33696.47
2017-05,dvds_blu_ray,89.6
2017-05,eletrodomesticos,1912.79
2017-05,eletrodomesticos_2,3093.04
2017-05,eletronicos,6709.11
2017-05,eletroportateis,5241.44
2017-05,esporte_lazer,36163.5
2017-05,fashion_bolsas_e_acessorios,7498.67
2017-05,fashion_calcados,1669.54
2017-05,fashion_esporte,124.84
2017-05,fashion_roupa_feminina,422.40000000000003
2017-05,fashion_roupa_infanto_juvenil,110.0
2017-05,fashion_roupa_masculina,608.9
2017-05,fashion_underwear_e_moda_praia,283.5
2017-05,ferramentas_jardim,20693.46
2017-05,industria_comercio_e_negocios,519.8
2017-05,informatica_acessorios,45634.78
2017-05,instrumentos_musicais,10019.43
2017-05,la_cuisine,193.0
2017-05,livros_interesse_geral,1841.57
2017-05,livros_tecnicos,262.0
2017-05,malas_acessorios,12539.62
2017-05,market_place,2476.98
2017-05,moveis_colchao_e_estofado,595.89
2017-05,moveis_cozinha_area_de_servico_jantar_e_jardim,1304.48
2017-05,moveis_decoracao,24028.510000000002
2017-05,moveis_escritorio,8403.43
2017-05,moveis_quarto,2369.97
2017-05,moveis_sala,4929.43
2017-05,papelaria,6049.9800000000005
2017-05,pc_gamer,129.99
2017-05,perfumaria,20119.04
2017-05,pet_shop,8151.0199999999995
2017-05,relogios_presentes,37973.9
2017-05,sinalizacao_e_seguranca,508.85
2017-05,tablets_impressao_imagem,1514.98
2017-05,telefonia,9264.1
2017-05,telefonia_fixa,462.33000000000004
2017-05,unknown,10961.94
2017-05,utilidades_domesticas,21726.48
2017-06,agro_industria_e_comercio,1390.0
2017-06,alimentos,149.9
2017-06,alimentos_bebidas,57.4
2017-06,artes,421.7
2017-06,artigos_de_natal,184.7
2017-06,audio,1671.0
2017-06,automotivo,31370.69
2017-06,bebes,7864.74
2017-06,bebidas,49.99
2017-06,beleza_saude,32029.39
2017-06,brinquedos,15476.35
2017-06,cama_mesa_banho,35114.81
2017-06,casa_conforto,3056.19
2017-06,casa_conforto_2,12.9
2017-06,casa_construcao,1992.3
2017-06,cine_foto,79.0
2017-06,climatizacao,2084.48
2017-06,consoles_games,5389.02
2017-06,construcao_ferramentas_construcao,376.37
2017-06,construcao_ferramentas_jardim,434.69
2017-06,cool_stuff,38244.5
2017-06,dvds_blu_ray,126.69
2017-06,eletrodomesticos,2507.19
2017-06,eletrodomesticos_2,1213.87
2017-06,eletronicos,2100.04
2017-06,eletroportateis,9698.81
2017-06,esporte_lazer,32898.33
2017-06,fashion_bolsas_e_acessorios,6831.03
2017-06,fashion_calcados,1351.1999999999998
2017-06,fashion_esporte,495.49
2017-06,fashion_roupa_feminina,154.8
2017-06,fashion_roupa_infanto_juvenil,110.0
2017-06,fashion_roupa_masculina,569.69
2017-06,fashion_underwear_e_moda_praia,3.9
2017-06,ferramentas_jardim,15851.17
2017-06,industria_comercio_e_negocios,276.97
2017-06,informatica_acessorios,37007.08
2017-06,instrumentos_musicais,4993.05
2017-06,livros_importados,99.0
2017-06,livros_interesse_geral,1940.0800000000002
2017-06,livros_tecnicos,145.9
2017-06,malas_acessorios,8232.09
2017-06,market_place,1258.95
2017-06,moveis_cozinha_area_de_servico_jantar_e_jardim,374.8
2017-06,moveis_decoracao,16943.58
2017-06,moveis_escritorio,7279.13
2017-06,moveis_quarto,308.99
2017-06,moveis_sala,1713.3
2017-06,musica,1066.9
2017-06,papelaria,3493.57
2017-06,pc_gamer,129.99
2017-06,perfumaria,24438.1
2017-06,pet_shop,5243.57
2017-06,portateis_casa_forno_e_cafe,71.9
2017-06,relogios_presentes,28948.63
2017-06,sinalizacao_e_seguranca,273.9
2017-06,tablets_impressao_imagem,594.0
2017-06,telefonia,6757.62
2017-06,telefonia_fixa,933.6700000000001
2017-06,unknown,5527.79
2017-06,utilidades_domesticas,23623.71
2017-07,agro_industria_e_comercio,1180.0
2017-07,alimentos,584.1600000000001
2017-07,alimentos_bebidas,168.2
2017-07,artes,386.75
2017-07,artes_e_artesanato,129.9
2017-07,artigos_de_festas,69.9
2017-07,artigos_de_natal,65.09
2017-07,audio,771.69
2017-07,automotivo,14119.74
2017-07,bebes,15941.11
2017-07,bebidas,273.97
2017-07,beleza_saude,34896.86
2017-07,brinquedos,24511.72
2017-07,cama_mesa_banho,63888.75
2017-07,casa_conforto,4563.85
2017-07,casa_conforto_2,12.9
2017-07,casa_construcao,93.6
2017-07,cds_dvds_musicais,225.0
2017-07,climatizacao,1396.1
2017-07,consoles_games,5680.16
2017-07,construcao_ferramentas_construcao,549.4399999999999
2017-07,construcao_ferramentas_iluminacao,360.0
2017-07,construcao_ferramentas_jardim,347.58000000000004
2017-07,cool_stuff,37506.76
2017-07,dvds_blu_ray,749.6999999999999
2017-07,eletrodomesticos,3671.99
2017-07,eletrodomesticos_2,1033.99
2017-07,eletronicos,7346.84
2017-07,eletroportateis,4621.36
2017-07,esporte_lazer,38813.41
2017-07,fashion_bolsas_e_acessorios,5193.1
2017-07,fashion_calcados,1423.01
2017-07,fashion_esporte,69.9
2017-07,fashion_roupa_feminina,310.70000000000005
2017-07,fashion_roupa_masculina,719.99
2017-07,fashion_underwear_e_moda_praia,274.8
2017-07,ferramentas_jardim,20067.05
2017-07,industria_comercio_e_negocios,245.95999999999998
2017-07,informatica_acessorios,38709.0
2017-07,instrumentos_musicais,8411.59
2017-07,la_cuisine,469.99
2017-07,livros_interesse_geral,1292.4
2017-07,livros_tecnicos,528.0
2017-07,malas_acessorios,8357.61
2017-07,market_place,1573.3799999999999
2017-07,moveis_colchao_e_estofado,109.4
2017-07,moveis_cozinha_area_de_servico_jantar_e_jardim,1316.5
2017-07,moveis_decoracao,24751.920000000002
2017-07,moveis_escritorio,16892.61
2017-07,moveis_quarto,1206.99
2017-07,moveis_sala,4395.12
2017-07,musica,329.0
2017-07,papelaria,7091.75
2017-07,perfumaria,12910.02
2017-07,pet_shop,6605.87
2017-07,relogios_presentes,36804.56
2017-07,sinalizacao_e_seguranca,530.19
2017-07,tablets_impressao_imagem,198.0
2017-07,telefonia,9064.86
2017-07,telefonia_fixa,218.73
2017-07,unknown,3124.66
2017-07,utilidades_domesticas,20874.3
2017-08,agro_industria_e_comercio,88.0
2017-08,alimentos,364.5
2017-08,alimentos_bebidas,494.81
2017-08,artes,244.7
2017-08,artigos_de_natal,58.9
2017-08,audio,1050.7
2017-08,automotivo,20421.11
2017-08,bebes,19982.13
2017-08,bebidas,119.9
2017-08,beleza_saude,49873.9
2017-08,brinquedos,18126.87
2017-08,cama_mesa_banho,57137.23
2017-08,casa_conforto,4000.19
2017-08,casa_conforto_2,38.7
2017-08,casa_construcao,124.8
2017-08,cds_dvds_musicais,135.0
2017-08,climatizacao,4271.73
2017-08,consoles_games,8824.25
2017-08,construcao_ferramentas_construcao,1180.0
2017-08,construcao_ferramentas_iluminacao,589.0
2017-08,construcao_ferramentas_jardim,1286.19
2017-08,construcao_ferramentas_seguranca,8.9
2017-08,cool_stuff,41720.03
2017-08,dvds_blu_ray,113.39999999999999
2017-08,eletrodomesticos,4587.05
2017-08,eletrodomesticos_2,4004.55
2017-08,eletronicos,2854.15
2017-08,eletroportateis,4297.01
2017-08,esporte_lazer,41732.26
2017-08,fashion_bolsas_e_acessorios,6617.68
2017-08,fashion_calcados,1491.69
2017-08,fashion_esporte,265.8
2017-08,fashion_roupa_feminina,188.70000000000002
2017-08,fashion_roupa_infanto_juvenil,49.9
2017-08,fashion_roupa_masculina,1205.05
2017-08,fashion_underwear_e_moda_praia,1111.0
2017-08,ferramentas_jardim,24269.4
2017-08,industria_comercio_e_negocios,956.9
2017-08,informatica_acessorios,35025.72
2017-08,instrumentos_musicais,7185.55
2017-08,la_cuisine,313.0
2017-08,livros_importados,61.0
2017-08,livros_interesse_geral,3214.8
2017-08,livros_tecnicos,1196.38
2017-08,malas_acessorios,6833.1
2017-08,market_place,1937.3899999999999
2017-08,moveis_colchao_e_estofado,509.39
2017-08,moveis_cozinha_area_de_servico_jantar_e_jardim,1006.2
2017-08,moveis_decoracao,35511.73
2017-08,moveis_escritorio,9877.36
2017-08,moveis_quarto,618.0
2017-08,moveis_sala,2478.07
2017-08,papelaria,6366.91
2017-08,pcs,33700.0
2017-08,perfumaria,13142.09
2017-08,pet_shop,10500.79
2017-08,portateis_casa_forno_e_cafe,109.06
2017-08,relogios_presentes,36419.2
2017-08,sinalizacao_e_seguranca,377.8
2017-08,tablets_impressao_imagem,450.89
2017-08,telefonia,10930.29
2017-08,telefonia_fixa,3343.54
2017-08,unknown,5243.4
2017-08,utilidades_domesticas,23733.94
2017-09,agro_industria_e_comercio,1993.99
2017-09,alimentos,992.92
2017-09,alimentos_bebidas,310.86
2017-09,artes,388.54
2017-09,artigos_de_festas,269.8
2017-09,artigos_de_natal,254.7
2017-09,audio,1042.5900000000001
2017-09,automotivo,14544.67
2017-09,bebes,24366.3
2017-09,bebidas,327.97
2017-09,beleza_saude,51537.65
2017-09,brinquedos,31399.22
2017-09,cama_mesa_banho,52473.200000000004
2017-09,casa_conforto,4592.34
2017-09,casa_conforto_2,12.9
2017-09,casa_construcao,1357.81
2017-09,cine_foto,69.0
2017-09,climatizacao,1731.05
2017-09,consoles_games,8910.37
2017-09,construcao_ferramentas_construcao,1289.2
2017-09,construcao_ferramentas_ferramentas,916.89
2017-09,construcao_ferramentas_iluminacao,229.0
2017-09,construcao_ferramentas_jardim,297.5
2017-09,construcao_ferramentas_seguranca,1124.54
2017-09,cool_stuff,38210.340000000004
2017-09,dvds_blu_ray,39.8
2017-09,eletrodomesticos,1820.19
2017-09,eletrodomesticos_2,1627.8
2017-09,eletronicos,4338.96
2017-09,eletroportateis,10965.63
2017-09,esporte_lazer,50167.48
2017-09,fashion_bolsas_e_acessorios,11948.22
2017-09,fashion_calcados,1179.6000000000001
2017-09,fashion_esporte,384.6
2017-09,fashion_roupa_feminina,355.7
2017-09,fashion_roupa_infanto_juvenil,89.99
2017-09,fashion_roupa_masculina,1177.5
2017-09,fashion_underwear_e_moda_praia,1789.7
2017-09,ferramentas_jardim,22507.23
2017-09,industria_comercio_e_negocios,219.98
2017-09,informatica_acessorios,28930.98
2017-09,instrumentos_musicais,9034.97
2017-09,livros_importados,290.0
2017-09,livros_interesse_geral,965.14
2017-09,livros_tecnicos,1001.35
2017-09,malas_acessorios,3885.38
2017-09,market_place,1147.21
2017-09,moveis_colchao_e_estofado,86.5
2017-09,moveis_cozinha_area_de_servico_jantar_e_jardim,464.09000000000003
2017-09,moveis_decoracao,30838.69
2017-09,moveis_escritorio,9208.65
2017-09,moveis_quarto,709.6
2017-09,moveis_sala,1275.8700000000001
2017-09,papelaria,6130.41
2017-09,pcs,52878.880000000005
2017-09,perfumaria,14744.869999999999
2017-09,pet_shop,8534.92
2017-09,portateis_casa_forno_e_cafe,640.99
2017-09,relogios_presentes,47135.6
2017-09,seguros_e_servicos,100.0
2017-09,sinalizacao_e_seguranca,438.4
2017-09,tablets_impressao_imagem,233.9
2017-09,telefonia,18559.25
2017-09,telefonia_fixa,13692.91
2017-09,unknown,5904.14
2017-09,utilidades_domesticas,20313.26
2017-10,agro_industria_e_comercio,3350.2799999999997
2017-10,alimentos,806.06
2017-10,alimentos_bebidas,2297.23
2017-10,artes,349.05
2017-10,artigos_de_festas,137.8
2017-10,artigos_de_natal,388.05
2017-10,audio,2348.48
2017-10,automotivo,21505.28
2017-10,bebes,16497.5
2017-10,bebidas,596.98
2017-10,beleza_saude,41915.72
2017-10,brinquedos,34633.01
2017-10,cama_mesa_banho,46198.0
2017-10,casa_conforto,3619.8
2017-10,casa_conforto_2,64.5
2017-10,casa_construcao,4201.17
2017-10,cds_dvds_musicais,45.0
2017-10,cine_foto,69.0
2017-10,climatizacao,2562.42
2017-10,consoles_games,10608.87
2017-10,construcao_ferramentas_construcao,2576.18
2017-10,construcao_ferramentas_ferramentas,1018.6
2017-10,construcao_ferramentas_iluminacao,500.0
2017-10,construcao_ferramentas_jardim,746.9
2017-10,construcao_ferramentas_seguranca,1668.85
2017-10,cool_stuff,44910.01
2017-10,dvds_blu_ray,194.5
2017-10,eletrodomesticos,1951.0800000000002
2017-10,eletrodomesticos_2,2803.17
2017-10,eletronicos,3454.32
2017-10,eletroportateis,6464.85
2017-10,esporte_lazer,49751.45
2017-10,fashion_bolsas_e_acessorios,7906.06
2017-10,fashion_calcados,1860.92
2017-10,fashion_esporte,59.9
2017-10,fashion_roupa_infanto_juvenil,39.99
2017-10,fashion_roupa_masculina,1041.8
2017-10,fashion_underwear_e_moda_praia,187.8
2017-10,ferramentas_jardim,25978.739999999998
2017-10,industria_comercio_e_negocios,2256.69
2017-10,informatica_acessorios,44022.09
2017-10,instrumentos_musicais,6859.16
2017-10,la_cuisine,137.0
2017-10,livros_interesse_geral,734.5
2017-10,livros_tecnicos,880.0
2017-10,malas_acessorios,6240.34
2017-10,market_place,1019.54
2017-10,moveis_cozinha_area_de_servico_jantar_e_jardim,3428.6
2017-10,moveis_decoracao,30227.510000000002
2017-10,moveis_escritorio,17890.83
2017-10,moveis_quarto,1193.9
2017-10,moveis_sala,1532.79
2017-10,musica,54.9
2017-10,papelaria,8607.86
2017-10,pcs,40393.92
2017-10,perfumaria,16984.62
2017-10,pet_shop,8243.58
2017-10,relogios_presentes,65959.53
2017-10,sinalizacao_e_seguranca,744.0
2017-10,tablets_impressao_imagem,99.0
2017-10,telefonia,22850.76
2017-10,telefonia_fixa,3751.88
2017-10,unknown,18800.48
2017-10,utilidades_domesticas,15996.630000000001
2017-11,agro_industria_e_comercio,13932.49
2017-11,alimentos,556.95
2017-11,alimentos_bebidas,2445.57
2017-11,artes,75.0
2017-11,artigos_de_festas,870.69
2017-11,artigos_de_natal,1340.58
2017-11,audio,3677.23
2017-11,automotivo,34955.38
2017-11,bebes,21738.78
2017-11,bebidas,748.61
2017-11,beleza_saude,79120.4
2017-11,brinquedos,64320.89
2017-11,cama_mesa_banho,89412.54000000001
2017-11,casa_conforto,5355.39
2017-11,casa_conforto_2,38.7
2017-11,casa_construcao,4936.72
2017-11,cds_dvds_musicais,195.0
2017-11,cine_foto,242.0
2017-11,climatizacao,4076.62
2017-11,consoles_games,12608.88
2017-11,construcao_ferramentas_construcao,6993.56
2017-11,construcao_ferramentas_ferramentas,269.5
2017-11,construcao_ferramentas_iluminacao,2199.48
2017-11,construcao_ferramentas_jardim,1218.5
2017-11,construcao_ferramentas_seguranca,3318.59
2017-11,cool_stuff,56295.24
2017-11,dvds_blu_ray,79.78999999999999
2017-11,eletrodomesticos,4515.94
2017-11,eletrodomesticos_2,4854.93
2017-11,eletronicos,10026.14
2017-11,eletroportateis,7826.82
2017-11,esporte_lazer,64874.05
2017-11,fashion_bolsas_e_acessorios,13414.89
2017-11,fashion_calcados,1777.7
2017-11,fashion_esporte,59.9
2017-11,fashion_roupa_feminina,79.88
2017-11,fashion_roupa_masculina,929.99
2017-11,fashion_underwear_e_moda_praia,1221.6
2017-11,ferramentas_jardim,45972.18
2017-11,flores,187.8
2017-11,industria_comercio_e_negocios,2074.77
2017-11,informatica_acessorios,72656.0
2017-11,instrumentos_musicais,16509.9
2017-11,la_cuisine,137.0
2017-11,livros_importados,324.0
2017-11,livros_interesse_geral,2664.96
2017-11,livros_tecnicos,768.9
2017-11,malas_acessorios,8538.95
2017-11,market_place,1355.98
2017-11,moveis_colchao_e_estofado,334.0
2017-11,moveis_cozinha_area_de_servico_jantar_e_jardim,5007.39
2017-11,moveis_decoracao,63223.97
2017-11,moveis_escritorio,18048.2
2017-11,moveis_quarto,873.0
2017-11,moveis_sala,6212.95
2017-11,papelaria,16699.09
2017-11,pcs,9768.0
2017-11,perfumaria,31831.81
2017-11,pet_shop,11325.68
2017-11,relogios_presentes,97724.57
2017-11,sinalizacao_e_seguranca,596.79
2017-11,tablets_impressao_imagem,350.40000000000003
2017-11,telefonia,26564.88
2017-11,telefonia_fixa,943.98
2017-11,unknown,14115.98
2017-11,utilidades_domesticas,34855.32
2017-12,agro_industria_e_comercio,5291.7
2017-12,alimentos,978.1899999999999
2017-12,alimentos_bebidas,1098.68
2017-12,artes,115.25
2017-12,artigos_de_festas,515.2
2017-12,artigos_de_natal,493.90000000000003
2017-12,audio,2686.9300000000003
2017-12,automotivo,39287.64
2017-12,bebes,19943.08
2017-12,bebidas,2132.84
2017-12,beleza_saude,61264.66
2017-12,brinquedos,57194.14
2017-12,cama_mesa_banho,50505.85
2017-12,casa_conforto,2257.8
2017-12,casa_construcao,6735.3
2017-12,cds_dvds_musicais,65.0
2017-12,climatizacao,668.8
2017-12,consoles_games,9075.01
2017-12,construcao_ferramentas_construcao,5830.35
2017-12,construcao_ferramentas_ferramentas,349.4
2017-12,construcao_ferramentas_iluminacao,176.0
2017-12,construcao_ferramentas_jardim,928.9000000000001
2017-12,construcao_ferramentas_seguranca,1384.92
2017-12,cool_stuff,39011.54
2017-12,dvds_blu_ray,119.9
2017-12,eletrodomesticos,1331.0
2017-12,eletrodomesticos_2,1990.16
2017-12,eletronicos,8537.51
2017-12,eletroportateis,8913.77
2017-12,esporte_lazer,59792.66
2017-12,fashion_bolsas_e_acessorios,10028.460000000001
2017-12,fashion_calcados,1099.0
2017-12,fashion_esporte,59.9
2017-12,fashion_roupa_masculina,450.89
2017-12,fashion_underwear_e_moda_praia,1173.1
2017-12,ferramentas_jardim,27689.69
2017-12,flores,82.7
2017-12,fraldas_higiene,76.0
2017-12,industria_comercio_e_negocios,1828.5
2017-12,informatica_acessorios,37880.65
2017-12,instrumentos_musicais,10823.5
2017-12,livros_importados,231.0
2017-12,livros_interesse_geral,2397.1
2017-12,livros_tecnicos,670.69
2017-12,malas_acessorios,6248.21
2017-12,market_place,703.25
2017-12,moveis_colchao_e_estofado,803.7
2017-12,moveis_cozinha_area_de_servico_jantar_e_jardim,4277.3
2017-12,moveis_decoracao,32011.75
2017-12,moveis_escritorio,6964.36
2017-12,moveis_quarto,185.0
2017-12,moveis_sala,2316.01
2017-12,papelaria,25731.0
2017-12,pcs,16741.0
2017-12,perfumaria,27864.43
2017-12,pet_shop,7227.2300000000005
2017-12,relogios_presentes,71727.62
2017-12,sinalizacao_e_seguranca,770.0
2017-12,tablets_impressao_imagem,419.40000000000003
2017-12,telefonia,13611.01
2017-12,telefonia_fixa,998.77
2017-12,unknown,16224.92
2017-12,utilidades_domesticas,25921.95
2018-01,agro_industria_e_comercio,5853.4400000000005
2018-01,alimentos,868.41
2018-01,alimentos_bebidas,341.17
2018-01,artes,2540.77
2018-01,artigos_de_festas,135.8
2018-01,artigos_de_natal,851.5
2018-01,audio,3820.2799999999997
2018-01,automotivo,35995.02
2018-01,bebes,30058.47
2018-01,bebidas,2307.61
2018-01,beleza_saude,72470.49
2018-01,brinquedos,21948.23
2018-01,cama_mesa_banho,76377.79000000001
2018-01,casa_conforto,3020.16
2018-01,casa_construcao,5827.58
2018-01,cine_foto,199.98
2018-01,climatizacao,4674.74
2018-01,consoles_games,8200.98
2018-01,construcao_ferramentas_construcao,9664.18
2018-01,construcao_ferramentas_ferramentas,532.3
2018-01,construcao_ferramentas_iluminacao,2392.99
2018-01,construcao_ferramentas_jardim,3927.98
2018-01,construcao_ferramentas_seguranca,2228.89
2018-01,cool_stuff,39739.700000000004
2018-01,dvds_blu_ray,49.8
2018-01,eletrodomesticos,1795.05
2018-01,eletrodomesticos_2,8630.1
2018-01,eletronicos,15996.68
2018-01,eletroportateis,15450.76
2018-01,esporte_lazer,91574.33
2018-01,fashion_bolsas_e_acessorios,7931.72
2018-01,fashion_calcados,666.7
2018-01,fashion_esporte,119.8
2018-01,fashion_roupa_feminina,161.79000000000002
2018-01,fashion_roupa_masculina,550.6
2018-01,fashion_underwear_e_moda_praia,754.5
2018-01,ferramentas_jardim,27037.94
2018-01,flores,284.6
2018-01,fraldas_higiene,125.0
2018-01,industria_comercio_e_negocios,3662.0
2018-01,informatica_acessorios,83257.45
2018-01,instrumentos_musicais,15405.58
2018-01,la_cuisine,112.0
2018-01,livros_importados,583.0
2018-01,livros_interesse_geral,2180.15
2018-01,livros_tecnicos,1176.55
2018-01,malas_acessorios,18738.22
2018-01,market_place,818.72
2018-01,moveis_colchao_e_estofado,860.5
2018-01,moveis_cozinha_area_de_servico_jantar_e_jardim,4838.5
2018-01,moveis_decoracao,55438.18
2018-01,moveis_escritorio,20113.41
2018-01,moveis_quarto,914.8
2018-01,moveis_sala,2308.1
2018-01,musica,24.97
2018-01,papelaria,41023.91
2018-01,pcs,7450.0
2018-01,perfumaria,20036.89
2018-01,pet_shop,10885.96
2018-01,portateis_casa_forno_e_cafe,369.99
2018-01,relogios_presentes,75621.24
2018-01,sinalizacao_e_seguranca,1048.79
2018-01,tablets_impressao_imagem,161.8
2018-01,telefonia,14879.96
2018-01,telefonia_fixa,2444.1
2018-01,unknown,22489.45
2018-01,utilidades_domesticas,38078.31
2018-02,agro_industria_e_comercio,7404.8
2018-02,alimentos,1933.42
2018-02,alimentos_bebidas,1059.1
2018-02,artes,1251.71
2018-02,artigos_de_natal,2059.65
2018-02,audio,2828.49
2018-02,automotivo,41706.89
2018-02,bebes,25985.82
2018-02,bebidas,1967.44
2018-02,beleza_saude,86996.06
2018-02,brinquedos,14778.93
2018-02,cama_mesa_banho,60690.88
2018-02,casa_conforto,3012.76
2018-02,casa_conforto_2,38.7
2018-02,casa_construcao,5303.9
2018-02,cine_foto,227.99
2018-02,climatizacao,2626.89
2018-02,consoles_games,11978.73
2018-02,construcao_ferramentas_construcao,9003.97
2018-02,construcao_ferramentas_ferramentas,1318.2
2018-02,construcao_ferramentas_iluminacao,1610.8
2018-02,construcao_ferramentas_jardim,1538.25
2018-02,construcao_ferramentas_seguranca,5965.75
2018-02,cool_stuff,31002.21
2018-02,dvds_blu_ray,24.9
2018-02,eletrodomesticos,5583.74
2018-02,eletrodomesticos_2,8998.83
2018-02,eletronicos,14780.6
2018-02,eletroportateis,5245.16
2018-02,esporte_lazer,75863.95
2018-02,fashion_bolsas_e_acessorios,9786.63
2018-02,fashion_calcados,1033.7
2018-02,fashion_roupa_feminina,29.99
2018-02,fashion_roupa_masculina,388.09000000000003
2018-02,fashion_underwear_e_moda_praia,399.3
2018-02,ferramentas_jardim,26838.03
2018-02,flores,134.48000000000002
2018-02,fraldas_higiene,100.0
2018-02,industria_comercio_e_negocios,4735.59
2018-02,informatica_acessorios,100855.23
2018-02,instrumentos_musicais,9015.73
2018-02,livros_importados,325.0
2018-02,livros_interesse_geral,1912.65
2018-02,livros_tecnicos,1411.21
2018-02,malas_acessorios,6604.35
2018-02,market_place,1920.92
2018-02,moveis_colchao_e_estofado,389.4
2018-02,moveis_cozinha_area_de_servico_jantar_e_jardim,4750.16
2018-02,moveis_decoracao,38646.520000000004
2018-02,moveis_escritorio,17774.78
2018-02,moveis_quarto,1094.8
2018-02,moveis_sala,4402.78
2018-02,musica,244.97
2018-02,papelaria,11889.1
2018-02,pc_gamer,129.99
2018-02,perfumaria,20632.7
2018-02,pet_shop,9595.03
2018-02,portateis_casa_forno_e_cafe,3024.9
2018-02,relogios_presentes,63462.18
2018-02,sinalizacao_e_seguranca,715.79
2018-02,tablets_impressao_imagem,694.97
2018-02,telefonia,14105.24
2018-02,telefonia_fixa,6138.67
2018-02,unknown,12758.75
2018-02,utilidades_domesticas,35448.56
2018-03,agro_industria_e_comercio,6019.0
2018-03,alimentos,1559.8999999999999
2018-03,alimentos_bebidas,2350.77
2018-03,artes,461.5
2018-03,artigos_de_festas,913.9
2018-03,artigos_de_natal,854.95
2018-03,audio,10606.69
2018-03,automotivo,44753.24
2018-03,bebes,41985.74
2018-03,bebidas,962.7
2018-03,beleza_saude,90034.41
2018-03,brinquedos,23407.4
2018-03,cama_mesa_banho,69256.39
2018-03,casa_conforto,2522.38
2018-03,casa_conforto_2,34.99
2018-03,casa_construcao,5639.51
2018-03,cine_foto,711.79
2018-03,climatizacao,2667.58
2018-03,consoles_games,11858.72
2018-03,construcao_ferramentas_construcao,10549.38
2018-03,construcao_ferramentas_ferramentas,931.3
2018-03,construcao_ferramentas_iluminacao,2536.7
2018-03,construcao_ferramentas_jardim,2497.23
2018-03,construcao_ferramentas_seguranca,5374.87
2018-03,cool_stuff,38353.22
2018-03,dvds_blu_ray,49.8
2018-03,eletrodomesticos,9876.59
2018-03,eletrodomesticos_2,5648.2
2018-03,eletronicos,12554.8
2018-03,eletroportateis,14260.15
2018-03,esporte_lazer,85292.17
2018-03,fashion_bolsas_e_acessorios,10261.58
2018-03,fashion_calcados,1252.8
2018-03,fashion_esporte,89.9
2018-03,fashion_roupa_feminina,119.96
2018-03,fashion_roupa_infanto_juvenil,79.98
2018-03,fashion_underwear_e_moda_praia,289.4
2018-03,ferramentas_jardim,27612.25
2018-03,flores,89.67
2018-03,fraldas_higiene,163.0
2018-03,industria_comercio_e_negocios,2922.45
2018-03,informatica_acessorios,85673.53
2018-03,instrumentos_musicais,10822.2
2018-03,la_cuisine,389.0
2018-03,livros_importados,259.0
2018-03,livros_interesse_geral,1711.93
2018-03,livros_tecnicos,913.47
2018-03,malas_acessorios,5911.77
2018-03,market_place,1548.74
2018-03,moveis_colchao_e_estofado,440.0
2018-03,moveis_cozinha_area_de_servico_jantar_e_jardim,2842.66
2018-03,moveis_decoracao,52244.04
2018-03,moveis_escritorio,31301.62
2018-03,moveis_quarto,1071.8
2018-03,moveis_sala,3521.87
2018-03,musica,323.97
2018-03,papelaria,13152.74
2018-03,perfumaria,20473.25
2018-03,pet_shop,13643.69
2018-03,portateis_casa_forno_e_cafe,7890.9
2018-03,relogios_presentes,97861.08
2018-03,sinalizacao_e_seguranca,921.9
2018-03,tablets_impressao_imagem,259.29
2018-03,telefonia,25804.89
2018-03,telefonia_fixa,1930.59
2018-03,unknown,17378.11
2018-03,utilidades_domesticas,37514.44
2018-04,agro_industria_e_comercio,4500.7
2018-04,alimentos,1665.43
2018-04,alimentos_bebidas,605.0699999999999
2018-04,artes,2140.2799999999997
2018-04,artes_e_artesanato,15.99
2018-04,artigos_de_festas,43.8
2018-04,artigos_de_natal,275.15
2018-04,audio,7045.07
2018-04,automotivo,49629.19
2018-04,bebes,49821.84
2018-04,bebidas,5016.4400000000005
2018-04,beleza_saude,91751.04
2018-04,brinquedos,23352.38
2018-04,cama_mesa_banho,72357.25
2018-04,casa_conforto,1939.4
2018-04,casa_conforto_2,12.9
2018-04,casa_construcao,9318.5
2018-04,cds_dvds_musicais,65.0
2018-04,cine_foto,521.74
2018-04,climatizacao,3261.79
2018-04,consoles_games,7239.400000000001
2018-04,construcao_ferramentas_construcao,13293.83
2018-04,construcao_ferramentas_ferramentas,1332.99
2018-04,construcao_ferramentas_iluminacao,4962.67
2018-04,construcao_ferramentas_jardim,1326.79
2018-04,construcao_ferramentas_seguranca,2887.26
2018-04,cool_stuff,35202.4
2018-04,dvds_blu_ray,92.5
2018-04,eletrodomesticos,15124.25
2018-04,eletrodomesticos_2,20741.69
2018-04,eletronicos,11022.43
2018-04,eletroportateis,12211.41
2018-04,esporte_lazer,67528.08
2018-04,fashion_bolsas_e_acessorios,9030.85
2018-04,fashion_calcados,1438.7
2018-04,fashion_esporte,89.9
2018-04,fashion_roupa_feminina,174.95000000000002
2018-04,fashion_roupa_masculina,195.0
2018-04,fashion_underwear_e_moda_praia,359.4
2018-04,ferramentas_jardim,35037.64
2018-04,flores,158.4
2018-04,fraldas_higiene,149.0
2018-04,industria_comercio_e_negocios,5690.61
2018-04,informatica_acessorios,59651.2
2018-04,instrumentos_musicais,19375.31
2018-04,la_cuisine,280.0
2018-04,livros_importados,317.99
2018-04,livros_interesse_geral,6295.51
2018-04,livros_tecnicos,1172.1
2018-04,malas_acessorios,8680.48
2018-04,market_place,627.23
2018-04,moveis_cozinha_area_de_servico_jantar_e_jardim,3165.47
2018-04,moveis_decoracao,56793.01
2018-04,moveis_escritorio,20194.72
2018-04,moveis_quarto,1470.9
2018-04,moveis_sala,5133.7300000000005
2018-04,musica,1696.8600000000001
2018-04,papelaria,11701.35
2018-04,pcs,13774.92
2018-04,perfumaria,17790.31
2018-04,pet_shop,18778.3
2018-04,portateis_casa_forno_e_cafe,13980.98
2018-04,relogios_presentes,92658.57
2018-04,sinalizacao_e_seguranca,2222.2999999999997
2018-04,tablets_impressao_imagem,52.0
2018-04,telefonia,16636.84
2018-04,telefonia_fixa,1921.94
2018-04,unknown,8240.66
2018-04,utilidades_domesticas,45405.96
2018-05,agro_industria_e_comercio,3279.75
2018-05,alimentos,1542.93
2018-05,alimentos_bebidas,1239.44
2018-05,artes,2691.86
2018-05,artes_e_artesanato,89.8
2018-05,artigos_de_festas,100.69999999999999
2018-05,artigos_de_natal,524.53
2018-05,audio,2697.68
2018-05,automotivo,40928.14
2018-05,bebes,34003.6
2018-05,bebidas,2790.98
2018-05,beleza_saude,96460.36
2018-05,brinquedos,31767.3
2018-05,cama_mesa_banho,71702.77
2018-05,casa_conforto,2776.6
2018-05,casa_construcao,10155.28
2018-05,cine_foto,2277.29
2018-05,climatizacao,2051.2
2018-05,consoles_games,5664.07
2018-05,construcao_ferramentas_construcao,20748.6
2018-05,construcao_ferramentas_ferramentas,417.9
2018-05,construcao_ferramentas_iluminacao,5477.81
2018-05,construcao_ferramentas_jardim,1073.28
2018-05,construcao_ferramentas_seguranca,7298.509999999999
2018-05,cool_stuff,30039.11
2018-05,dvds_blu_ray,439.94
2018-05,eletrodomesticos,6149.67
2018-05,eletrodomesticos_2,14441.24
2018-05,eletronicos,16989.29
2018-05,eletroportateis,10620.99
2018-05,esporte_lazer,59664.11
2018-05,fashion_bolsas_e_acessorios,11519.16
2018-05,fashion_calcados,1582.7
2018-05,fashion_roupa_masculina,129.99
2018-05,fashion_underwear_e_moda_praia,207.39999999999998
2018-05,ferramentas_jardim,37863.18
2018-05,flores,16.4
2018-05,fraldas_higiene,117.0
2018-05,industria_comercio_e_negocios,3890.99
2018-05,informatica_acessorios,51515.73
2018-05,instrumentos_musicais,18757.07
2018-05,livros_importados,410.92
2018-05,livros_interesse_geral,6019.03
2018-05,livros_tecnicos,3055.48
2018-05,malas_acessorios,6618.46
2018-05,market_place,957.45
2018-05,moveis_cozinha_area_de_servico_jantar_e_jardim,2310.09
2018-05,moveis_decoracao,54260.98
2018-05,moveis_escritorio,21005.86
2018-05,moveis_quarto,1484.98
2018-05,moveis_sala,2721.08
2018-05,musica,729.0
2018-05,papelaria,12923.39
2018-05,pcs,9429.92
2018-05,perfumaria,24757.7
2018-05,pet_shop,11708.460000000001
2018-05,portateis_casa_forno_e_cafe,10161.6
2018-05,portateis_cozinha_e_preparadores_de_alimentos,1958.0
2018-05,relogios_presentes,123872.66
2018-05,sinalizacao_e_seguranca,683.5
2018-05,tablets_impressao_imagem,49.9
2018-05,telefonia,21608.26
2018-05,telefonia_fixa,1946.1
2018-05,unknown,3136.94
2018-05,utilidades_domesticas,63003.57
2018-06,agro_industria_e_comercio,3515.8
2018-06,alimentos,1371.18
2018-06,alimentos_bebidas,293.85
2018-06,artes,2500.14
2018-06,artigos_de_festas,84.80000000000001
2018-06,artigos_de_natal,306.19
2018-06,audio,1830.69
2018-06,automotivo,45407.49
2018-06,bebes,30755.12
2018-06,bebidas,1567.07
2018-06,beleza_saude,107908.82
2018-06,brinquedos,21221.45
2018-06,cama_mesa_banho,71565.48
2018-06,casa_conforto,2386.4900000000002
2018-06,casa_conforto_2,25.8
2018-06,casa_construcao,9094.59
2018-06,cine_foto,435.85
2018-06,climatizacao,3567.9
2018-06,consoles_games,6903.01
2018-06,construcao_ferramentas_construcao,22947.72
2018-06,construcao_ferramentas_ferramentas,527.0
2018-06,construcao_ferramentas_iluminacao,4583.41
2018-06,construcao_ferramentas_jardim,799.44
2018-06,construcao_ferramentas_seguranca,2565.37
2018-06,cool_stuff,19316.37
2018-06,dvds_blu_ray,382.88
2018-06,eletrodomesticos,5916.37
2018-06,eletrodomesticos_2,8312.72
2018-06,eletronicos,9664.57
2018-06,eletroportateis,16022.7
2018-06,esporte_lazer,45851.01
2018-06,fashion_bolsas_e_acessorios,7869.95
2018-06,fashion_calcados,1230.58
2018-06,fashion_roupa_infanto_juvenil,89.99
2018-06,fashion_roupa_masculina,447.8
2018-06,fashion_underwear_e_moda_praia,129.3
2018-06,ferramentas_jardim,18018.71
2018-06,flores,108.0
2018-06,fraldas_higiene,321.0
2018-06,industria_comercio_e_negocios,2609.9
2018-06,informatica_acessorios,42326.45
2018-06,instrumentos_musicais,16177.92
2018-06,livros_importados,468.17
2018-06,livros_interesse_geral,3345.39
2018-06,livros_tecnicos,1747.43
2018-06,malas_acessorios,5070.88
2018-06,market_place,556.46
2018-06,moveis_cozinha_area_de_servico_jantar_e_jardim,3667.4300000000003
2018-06,moveis_decoracao,42190.22
2018-06,moveis_escritorio,12725.58
2018-06,moveis_quarto,1559.99
2018-06,moveis_sala,3541.62
2018-06,musica,109.08
2018-06,papelaria,12859.08
2018-06,pcs,13127.0
2018-06,perfumaria,27335.86
2018-06,pet_shop,19491.78
2018-06,portateis_casa_forno_e_cafe,3499.0
2018-06,relogios_presentes,86885.56
2018-06,sinalizacao_e_seguranca,5863.18
2018-06,tablets_impressao_imagem,50.0
2018-06,telefonia,22776.82
2018-06,telefonia_fixa,2080.32
2018-06,unknown,2387.13
2018-06,utilidades_domesticas,56825.45
2018-07,agro_industria_e_comercio,7756.6900000000005
2018-07,alimentos,3378.17
2018-07,alimentos_bebidas,813.73
2018-07,artes,1843.1999999999998
2018-07,artes_e_artesanato,654.57
2018-07,artigos_de_festas,57.5
2018-07,artigos_de_natal,509.56
2018-07,audio,2062.64
2018-07,automotivo,43830.29
2018-07,bebes,22185.96
2018-07,bebidas,1335.17
2018-07,beleza_saude,105813.03
2018-07,brinquedos,17277.29
2018-07,cama_mesa_banho,55082.82
2018-07,casa_conforto,2984.38
2018-07,casa_conforto_2,38.7
2018-07,casa_construcao,6780.15
2018-07,cine_foto,1178.54
2018-07,climatizacao,2657.86
2018-07,consoles_games,8519.11
2018-07,construcao_ferramentas_construcao,15237.470000000001
2018-07,construcao_ferramentas_ferramentas,5501.2
2018-07,construcao_ferramentas_iluminacao,7249.61
2018-07,construcao_ferramentas_jardim,1956.47
2018-07,construcao_ferramentas_seguranca,1888.95
2018-07,cool_stuff,30551.61
2018-07,dvds_blu_ray,83.99
2018-07,eletrodomesticos,5290.63
2018-07,eletrodomesticos_2,12597.32
2018-07,eletronicos,11150.75
2018-07,eletroportateis,8711.25
2018-07,esporte_lazer,55292.68
2018-07,fashion_bolsas_e_acessorios,6161.87
2018-07,fashion_calcados,820.19
2018-07,fashion_roupa_masculina,208.7
2018-07,fashion_underwear_e_moda_praia,109.8
2018-07,ferramentas_jardim,26173.78
2018-07,flores,47.989999999999995
2018-07,fraldas_higiene,149.8
2018-07,industria_comercio_e_negocios,4697.21
2018-07,informatica_acessorios,41902.79
2018-07,instrumentos_musicais,9541.8
2018-07,livros_importados,402.78
2018-07,livros_interesse_geral,4077.45
2018-07,livros_tecnicos,2106.81
2018-07,malas_acessorios,5821.72
2018-07,market_place,186.78
2018-07,moveis_colchao_e_estofado,129.9
2018-07,moveis_cozinha_area_de_servico_jantar_e_jardim,3875.95
2018-07,moveis_decoracao,45715.49
2018-07,moveis_escritorio,13775.27
2018-07,moveis_quarto,1386.9
2018-07,moveis_sala,6779.63
2018-07,musica,849.3
2018-07,papelaria,17247.09
2018-07,pc_gamer,677.0
2018-07,pcs,11239.0
2018-07,perfumaria,22417.77
2018-07,pet_shop,19583.74
2018-07,portateis_casa_forno_e_cafe,4699.67
2018-07,portateis_cozinha_e_preparadores_de_alimentos,172.03
2018-07,relogios_presentes,96212.59
2018-07,sinalizacao_e_seguranca,3785.19
2018-07,telefonia,26939.41
2018-07,telefonia_fixa,9319.39
2018-07,unknown,4612.0
2018-07,utilidades_domesticas,63409.14
2018-08,agro_industria_e_comercio,5021.09
2018-08,alimentos,8256.18
2018-08,alimentos_bebidas,1028.61
2018-08,artes,1481.3899999999999
2018-08,artes_e_artesanato,901.76
2018-08,artigos_de_festas,1285.29
2018-08,artigos_de_natal,564.37
2018-08,audio,2069.4
2018-08,automotivo,45380.89
2018-08,bebes,22004.15
2018-08,bebidas,1477.23
2018-08,beleza_saude,120803.94
2018-08,brinquedos,17753.05
2018-08,cama_mesa_banho,61035.88
2018-08,casa_conforto,2241.28
2018-08,casa_construcao,7016.16
2018-08,cine_foto,685.28
2018-08,climatizacao,3556.9
2018-08,consoles_games,4824.49
2018-08,construcao_ferramentas_construcao,22917.16
2018-08,construcao_ferramentas_ferramentas,1255.77
2018-08,construcao_ferramentas_iluminacao,8212.53
2018-08,construcao_ferramentas_jardim,3688.76
2018-08,construcao_ferramentas_seguranca,4070.12
2018-08,cool_stuff,16354.58
2018-08,dvds_blu_ray,8.9
2018-08,eletrodomesticos,6584.400000000001
2018-08,eletrodomesticos_2,9882.76
2018-08,eletronicos,10769.47
2018-08,eletroportateis,6759.0599999999995
2018-08,esporte_lazer,51500.16
2018-08,fashion_bolsas_e_acessorios,8177.43
2018-08,fashion_calcados,471.29999999999995
2018-08,fashion_esporte,69.9
2018-08,fashion_roupa_feminina,129.97
2018-08,fashion_roupa_masculina,381.69000000000005
2018-08,fashion_underwear_e_moda_praia,219.9
2018-08,ferramentas_jardim,16432.34
2018-08,fraldas_higiene,231.89
2018-08,industria_comercio_e_negocios,2364.69
2018-08,informatica_acessorios,40293.93
2018-08,instrumentos_musicais,10519.34
2018-08,livros_importados,749.0
2018-08,livros_interesse_geral,1564.78
2018-08,livros_tecnicos,1483.79
2018-08,malas_acessorios,6847.91
2018-08,market_place,949.27
2018-08,moveis_cozinha_area_de_servico_jantar_e_jardim,2156.47
2018-08,moveis_decoracao,41380.15
2018-08,moveis_escritorio,6758.87
2018-08,moveis_quarto,2197.0
2018-08,moveis_sala,5223.34
2018-08,musica,497.81
2018-08,papelaria,15563.65
2018-08,pc_gamer,219.0
2018-08,pcs,8711.5
2018-08,perfumaria,25017.69
2018-08,pet_shop,24857.07
2018-08,portateis_casa_forno_e_cafe,2996.7200000000003
2018-08,portateis_cozinha_e_preparadores_de_alimentos,1838.5
2018-08,relogios_presentes,72277.06
2018-08,sinalizacao_e_seguranca,1825.59
2018-08,telefonia,37541.89
2018-08,telefonia_fixa,2724.17
2018-08,unknown,2419.04
2018-08,utilidades_domesticas,60202.67
2018-09,moveis_cozinha_area_de_servico_jantar_e_jardim,145.0
